02jcEwywffn3Tsb48fXmlW,52K4Nl7eVNqUpUeJeWJlwT,Get the Party Started,Break the Ice,0.18
02jcEwywffn3Tsb48fXmlW,4eWQlBRaTjPPUlzacqEeoQ,Get the Party Started,Never Be the Same,0.2
4NeOWqHmlrGRuBvsLJC9rL,463CkQjx2Zk1yXoBuierM9,My Love (feat. T.I.),Levitating (feat. DaBaby),0.13
4NeOWqHmlrGRuBvsLJC9rL,0BI0hfbmqybnd3TezrDME3,My Love (feat. T.I.),Met Him Last Night (feat. Ariana Grande),0.07
4NeOWqHmlrGRuBvsLJC9rL,22VdIZQfgXJea34mQxlt81,My Love (feat. T.I.),Can't Feel My Face,0.12
52K4Nl7eVNqUpUeJeWJlwT,4eWQlBRaTjPPUlzacqEeoQ,Break the Ice,Never Be the Same,0.18
0x3TibRgnSqzkcwrqBd4iX,4pAl7FkDMNBsjykPXo91B3,Down On Me,Needed Me,0.17
0x3TibRgnSqzkcwrqBd4iX,5p7ujcrUXASCNwRaWNHR1C,Down On Me,Without Me,0.15
4pAl7FkDMNBsjykPXo91B3,5p7ujcrUXASCNwRaWNHR1C,Needed Me,Without Me,0.26
463CkQjx2Zk1yXoBuierM9,0BI0hfbmqybnd3TezrDME3,Levitating (feat. DaBaby),Met Him Last Night (feat. Ariana Grande),0.12
