0gmbgwZ8iqyMPmXefof8Yf,0COqiPhxzoWICwFCS4eZcp,How You Remind Me,Bring Me To Life,0.18
0gmbgwZ8iqyMPmXefof8Yf,0M955bMOoilikPXwKLYpoi,How You Remind Me,I Hate Everything About You,0.11
0gmbgwZ8iqyMPmXefof8Yf,5FZxsHWIvUsmSK1IAvm2pp,How You Remind Me,Best of You,0.17
0gmbgwZ8iqyMPmXefof8Yf,663Karu2rvKLdnY0eo1n3M,How You Remind Me,Call Me When You're Sober,0.12
0gmbgwZ8iqyMPmXefof8Yf,0dEQaNYfp5G7Sflek2Qnde,How You Remind Me,Don't Tell Me,0.23
2VSbEXqs6NbNiZSTcHlIDR,1O9AseW10CTi6nBLoj0O6K,My Sacrifice,SKIN OF MY TEETH,0.18
0COqiPhxzoWICwFCS4eZcp,663Karu2rvKLdnY0eo1n3M,Bring Me To Life,Call Me When You're Sober,0.13
0COqiPhxzoWICwFCS4eZcp,0dEQaNYfp5G7Sflek2Qnde,Bring Me To Life,Don't Tell Me,0.22
0COqiPhxzoWICwFCS4eZcp,5wQnmLuC1W7ATsArWACrgW,Bring Me To Life,Welcome to the Black Parade,0.12
0M955bMOoilikPXwKLYpoi,756CJtQRFSxEx9jV4P9hpA,I Hate Everything About You,I Believe in a Thing Called Love,0.08
0M955bMOoilikPXwKLYpoi,5FZxsHWIvUsmSK1IAvm2pp,I Hate Everything About You,Best of You,0.14
0M955bMOoilikPXwKLYpoi,4pt5fDVTg5GhEvEtlz9dKk,I Hate Everything About You,I WANNA BE YOUR SLAVE,0.1
3YuaBvuZqcwN3CEAyyoaei,756CJtQRFSxEx9jV4P9hpA,Like a Stone,I Believe in a Thing Called Love,0.13
756CJtQRFSxEx9jV4P9hpA,4pt5fDVTg5GhEvEtlz9dKk,I Believe in a Thing Called Love,I WANNA BE YOUR SLAVE,0.07
756CJtQRFSxEx9jV4P9hpA,60a0Rd6pjrkxjPbaKzXjfq,I Believe in a Thing Called Love,In the End,0.05
5GorCbAP4aL0EJ16frG2hd,5FZxsHWIvUsmSK1IAvm2pp,Boulevard of Broken Dreams,Best of You,0.19
5GorCbAP4aL0EJ16frG2hd,1O9AseW10CTi6nBLoj0O6K,Boulevard of Broken Dreams,SKIN OF MY TEETH,0.16
0lP4HYLmvowOKdsQ7CVkuq,7x8dCjCr0x6x2lXKujYD34,The Kill,The Pretender,0.33
0lP4HYLmvowOKdsQ7CVkuq,60a0Rd6pjrkxjPbaKzXjfq,The Kill,In the End,0.22
0lP4HYLmvowOKdsQ7CVkuq,1f2V8U1BiWaC9aJWmpOARe,The Kill,By the Way,0.22
0lP4HYLmvowOKdsQ7CVkuq,5wQnmLuC1W7ATsArWACrgW,The Kill,Welcome to the Black Parade,0.21
5FZxsHWIvUsmSK1IAvm2pp,1O9AseW10CTi6nBLoj0O6K,Best of You,SKIN OF MY TEETH,0.19
663Karu2rvKLdnY0eo1n3M,0dEQaNYfp5G7Sflek2Qnde,Call Me When You're Sober,Don't Tell Me,0.18
7x8dCjCr0x6x2lXKujYD34,60a0Rd6pjrkxjPbaKzXjfq,The Pretender,In the End,0.26
7x8dCjCr0x6x2lXKujYD34,1f2V8U1BiWaC9aJWmpOARe,The Pretender,By the Way,0.24
7x8dCjCr0x6x2lXKujYD34,5wQnmLuC1W7ATsArWACrgW,The Pretender,Welcome to the Black Parade,0.19
4wzjNqjKAKDU82e8uMhzmr,7oVEtyuv9NBmnytsCIsY5I,Face Down,BURN IT DOWN,0.23
4eAwB5pnKFTmsgc3zWoYO0,7oVEtyuv9NBmnytsCIsY5I,Fake It,BURN IT DOWN,0.25
60a0Rd6pjrkxjPbaKzXjfq,1f2V8U1BiWaC9aJWmpOARe,In the End,By the Way,0.16
60a0Rd6pjrkxjPbaKzXjfq,5wQnmLuC1W7ATsArWACrgW,In the End,Welcome to the Black Parade,0.16
1f2V8U1BiWaC9aJWmpOARe,5wQnmLuC1W7ATsArWACrgW,By the Way,Welcome to the Black Parade,0.15
