2N4viTG9njqCa4c46YyWs1,1mvZErZBp7WZT3HfGBykao,Be With You,Cry for You,0.14
2N4viTG9njqCa4c46YyWs1,1KtD0xaLAikgIt5tPbteZQ,Be With You,Thinking About You (feat. Ayah Marar),0.14
2N4viTG9njqCa4c46YyWs1,3s4U7OHV7gnj42VV72eSZ6,Be With You,Rather Be (feat. Jess Glynne),0.19
2N4viTG9njqCa4c46YyWs1,0azC730Exh71aQlOt9Zj3y,Be With You,This Is What You Came For,0.12
2N4viTG9njqCa4c46YyWs1,63y6xWR4gXz7bnUGOk8iI6,Be With You,Into You,0.23
2N4viTG9njqCa4c46YyWs1,5itOtNx0WxtJmi1TQ3RuRd,Be With You,Giant (with Rag'n'Bone Man),0.18
2N4viTG9njqCa4c46YyWs1,24ySl2hOPGCDcxBxFIqWBu,Be With You,Rain On Me (with Ariana Grande),0.15
1mvZErZBp7WZT3HfGBykao,1KtD0xaLAikgIt5tPbteZQ,Cry for You,Thinking About You (feat. Ayah Marar),0.11
1mvZErZBp7WZT3HfGBykao,0azC730Exh71aQlOt9Zj3y,Cry for You,This Is What You Came For,0.25
1mvZErZBp7WZT3HfGBykao,63y6xWR4gXz7bnUGOk8iI6,Cry for You,Into You,0.18
6u9RqxALwkjJ1ukB1y8vuP,3C0nOe05EIt1390bVABLyN,You've Got The Love,On The Floor,0.18
37dYAkMa4lzRCH6kDbMT1L,23RoR84KodL5HWvUTneQ1w,We No Speak Americano (Edit),(It Goes Like) Nanana - Edit,0.17
6r2BECwMgEoRb5yLfp0Hca,0azC730Exh71aQlOt9Zj3y,Born This Way,This Is What You Came For,0.13
0lHAMNU8RGiIObScrsRgmP,1KtD0xaLAikgIt5tPbteZQ,Titanium (feat. Sia),Thinking About You (feat. Ayah Marar),0.1
0lHAMNU8RGiIObScrsRgmP,3s4U7OHV7gnj42VV72eSZ6,Titanium (feat. Sia),Rather Be (feat. Jess Glynne),0.13
1KtD0xaLAikgIt5tPbteZQ,3s4U7OHV7gnj42VV72eSZ6,Thinking About You (feat. Ayah Marar),Rather Be (feat. Jess Glynne),0.05
1KtD0xaLAikgIt5tPbteZQ,0azC730Exh71aQlOt9Zj3y,Thinking About You (feat. Ayah Marar),This Is What You Came For,0.1
1KtD0xaLAikgIt5tPbteZQ,63y6xWR4gXz7bnUGOk8iI6,Thinking About You (feat. Ayah Marar),Into You,0.17
0azC730Exh71aQlOt9Zj3y,63y6xWR4gXz7bnUGOk8iI6,This Is What You Came For,Into You,0.12
39cmB3ZoTOLwOTq7tMNqKa,24ySl2hOPGCDcxBxFIqWBu,Hear Me Now,Rain On Me (with Ariana Grande),0.09
5itOtNx0WxtJmi1TQ3RuRd,24ySl2hOPGCDcxBxFIqWBu,Giant (with Rag'n'Bone Man),Rain On Me (with Ariana Grande),0.18
24ySl2hOPGCDcxBxFIqWBu,3C0nOe05EIt1390bVABLyN,Rain On Me (with Ariana Grande),On The Floor,0.15
