2m1hi0nfMR9vdGC8UcrnwU,5wQnmLuC1W7ATsArWACrgW,All The Small Things,Welcome to the Black Parade,0.14
2m1hi0nfMR9vdGC8UcrnwU,6GIrIt2M39wEGwjCQjGChX,All The Small Things,The Great Escape,0.17
2m1hi0nfMR9vdGC8UcrnwU,2z4U9d5OAA4YLNXoCgioxo,All The Small Things,What the Hell,0.17
2m1hi0nfMR9vdGC8UcrnwU,2pn8dNVSpYnAtlKFC8Q0DJ,All The Small Things,On The Ground,0.16
2TfSHkHiFO4gRztVIkggkE,4wzjNqjKAKDU82e8uMhzmr,"Sugar, We're Goin Down",Face Down,0.21
5wQnmLuC1W7ATsArWACrgW,6GIrIt2M39wEGwjCQjGChX,Welcome to the Black Parade,The Great Escape,0.15
5wQnmLuC1W7ATsArWACrgW,2z4U9d5OAA4YLNXoCgioxo,Welcome to the Black Parade,What the Hell,0.15
5wQnmLuC1W7ATsArWACrgW,2pn8dNVSpYnAtlKFC8Q0DJ,Welcome to the Black Parade,On The Ground,0.14
6GIrIt2M39wEGwjCQjGChX,2z4U9d5OAA4YLNXoCgioxo,The Great Escape,What the Hell,0.19
6GIrIt2M39wEGwjCQjGChX,2pn8dNVSpYnAtlKFC8Q0DJ,The Great Escape,On The Ground,0.2
2z4U9d5OAA4YLNXoCgioxo,2pn8dNVSpYnAtlKFC8Q0DJ,What the Hell,On The Ground,0.19
70rFIfYN7lU6iTgUIVP42w,1O9AseW10CTi6nBLoj0O6K,my ex's best friend (with blackbear),SKIN OF MY TEETH,0.14
4RVwu0g32PAqgUiJoXsdF8,0VwNdo84DaVYLIkbVO86ND,Happier Than Ever,We Are Never Ever Getting Back Together,0.05
4RVwu0g32PAqgUiJoXsdF8,2tGvwE8GcFKwNdAXMnlbfl,Happier Than Ever,happier,0.38
6PERP62TejQjgHu81OHxgM,1QL7nSDZCwZMnbisV4KOXt,good 4 u,t r a n s p a r e n t s o u l feat. Travis Barker,0.07
6PERP62TejQjgHu81OHxgM,4ZtFanR9U6ndgddUvNcjcG,good 4 u,good 4 u,1.0
1QL7nSDZCwZMnbisV4KOXt,4ZtFanR9U6ndgddUvNcjcG,t r a n s p a r e n t s o u l feat. Travis Barker,good 4 u,0.07
0VwNdo84DaVYLIkbVO86ND,2gyxAWHebV7xPYVxqoi86f,We Are Never Ever Getting Back Together,get him back!,0.07
