0F2BxpbxH8Yc3pLub48hrb,41KPpw0EZCytxNkmEMJVgr,Pjanoo - Radio Edit,One - Radio Edit,0.56
0F2BxpbxH8Yc3pLub48hrb,5UqCQaDshqbIk3pkhy4Pjg,Pjanoo - Radio Edit,Levels - Radio Edit,0.61
0F2BxpbxH8Yc3pLub48hrb,0MOiv7WTXCqvm89lVCf9C8,Pjanoo - Radio Edit,Million Voices - Radio Edit,0.54
0F2BxpbxH8Yc3pLub48hrb,5jyUBKpmaH670zrXrE0wmO,Pjanoo - Radio Edit,Reload - Radio Edit,0.55
41KPpw0EZCytxNkmEMJVgr,5UqCQaDshqbIk3pkhy4Pjg,One - Radio Edit,Levels - Radio Edit,0.58
41KPpw0EZCytxNkmEMJVgr,5jyUBKpmaH670zrXrE0wmO,One - Radio Edit,Reload - Radio Edit,0.58
5UqCQaDshqbIk3pkhy4Pjg,0MOiv7WTXCqvm89lVCf9C8,Levels - Radio Edit,Million Voices - Radio Edit,0.53
5UqCQaDshqbIk3pkhy4Pjg,06h3McKzmxS8Bx58USHiMq,Levels - Radio Edit,Silhouettes - Original Radio Edit,0.53
5UqCQaDshqbIk3pkhy4Pjg,5jyUBKpmaH670zrXrE0wmO,Levels - Radio Edit,Reload - Radio Edit,0.56
0MOiv7WTXCqvm89lVCf9C8,5jyUBKpmaH670zrXrE0wmO,Million Voices - Radio Edit,Reload - Radio Edit,0.51
06h3McKzmxS8Bx58USHiMq,5jyUBKpmaH670zrXrE0wmO,Silhouettes - Original Radio Edit,Reload - Radio Edit,0.52
