6UEfyhyfhYQsyipxOd95Ie,1ExfPZEiahqhLyajhybFeS,The Ketchup Song (Aserejé) - Spanglish Version,The Lazy Song,0.33
6UEfyhyfhYQsyipxOd95Ie,3Tu7uWBecS6GsLsL8UONKn,The Ketchup Song (Aserejé) - Spanglish Version,Don't Stop the Party (feat. TJR),0.1
5lJx5eiSahFfsqkMJVlkDN,1EzrEOXmMH3G43AXT1y7pA,I'm Still in Love with You (feat. Sasha),I'm Yours,0.13
5lJx5eiSahFfsqkMJVlkDN,2M9ULmQwTaTGmAdXaXpfz5,I'm Still in Love with You (feat. Sasha),Billionaire (feat. Bruno Mars),0.09
5lJx5eiSahFfsqkMJVlkDN,3Tu7uWBecS6GsLsL8UONKn,I'm Still in Love with You (feat. Sasha),Don't Stop the Party (feat. TJR),0.07
5lJx5eiSahFfsqkMJVlkDN,7nD9nN3jord9wWcfW3Gkcm,I'm Still in Love with You (feat. Sasha),All In My Head (Flex) (feat. Fetty Wap),0.18
2M9ULmQwTaTGmAdXaXpfz5,3Tu7uWBecS6GsLsL8UONKn,Billionaire (feat. Bruno Mars),Don't Stop the Party (feat. TJR),0.07
2M9ULmQwTaTGmAdXaXpfz5,7nD9nN3jord9wWcfW3Gkcm,Billionaire (feat. Bruno Mars),All In My Head (Flex) (feat. Fetty Wap),0.08
1ExfPZEiahqhLyajhybFeS,3Tu7uWBecS6GsLsL8UONKn,The Lazy Song,Don't Stop the Party (feat. TJR),0.12
3Tu7uWBecS6GsLsL8UONKn,7nD9nN3jord9wWcfW3Gkcm,Don't Stop the Party (feat. TJR),All In My Head (Flex) (feat. Fetty Wap),0.05
