4B0JvthVoAAuygILe3n4Bs,0lYBSQXN6rCTvUZvg9S0lU,What Do You Mean?,Let Me Love You,0.14
4B0JvthVoAAuygILe3n4Bs,7qiZfU4dY1lWllzX7mPBI3,What Do You Mean?,Shape of You,0.17
4B0JvthVoAAuygILe3n4Bs,62aP9fBQKYKxi7PDXwcUAS,What Do You Mean?,ily (i love you baby) (feat. Emilee),0.1
4B0JvthVoAAuygILe3n4Bs,3uUuGVFu1V7jTQL60S1r8z,What Do You Mean?,Where Are You Now,0.19
5masKPHeAOVNgxdLebIcK7,2CPqh63wRVscbceKcPxwvv,Stole the Show,The Ocean (feat. Shy Martin),0.09
66hayvUbTotekKU3H4ta1f,0vbtURX4qv1l7besfwmnD8,Where Are Ü Now (with Justin Bieber),I Took A Pill In Ibiza - Seeb Remix,0.03
66hayvUbTotekKU3H4ta1f,1qp0ptMXNg9hqLH8sk7cc2,Where Are Ü Now (with Justin Bieber),Sweet Lovin' - Radio Edit,0.04
66hayvUbTotekKU3H4ta1f,5Gu0PDLN4YJeW75PpBSg9p,Where Are Ü Now (with Justin Bieber),"Let Me Go (with Alesso, Florida Georgia Line & watt)",0.13
66hayvUbTotekKU3H4ta1f,3XoflnowYPFRPOh3uFvHcm,Where Are Ü Now (with Justin Bieber),Selfish Love (with Selena Gomez),0.1
66hayvUbTotekKU3H4ta1f,3uUuGVFu1V7jTQL60S1r8z,Where Are Ü Now (with Justin Bieber),Where Are You Now,0.42
0lYBSQXN6rCTvUZvg9S0lU,7qiZfU4dY1lWllzX7mPBI3,Let Me Love You,Shape of You,0.12
0lYBSQXN6rCTvUZvg9S0lU,5Gu0PDLN4YJeW75PpBSg9p,Let Me Love You,"Let Me Go (with Alesso, Florida Georgia Line & watt)",0.16
0lYBSQXN6rCTvUZvg9S0lU,5WHTFyqSii0lmT9R21abT8,Let Me Love You,Don't Call Me Up,0.14
0lYBSQXN6rCTvUZvg9S0lU,62aP9fBQKYKxi7PDXwcUAS,Let Me Love You,ily (i love you baby) (feat. Emilee),0.22
0lYBSQXN6rCTvUZvg9S0lU,3XoflnowYPFRPOh3uFvHcm,Let Me Love You,Selfish Love (with Selena Gomez),0.16
0lYBSQXN6rCTvUZvg9S0lU,3uUuGVFu1V7jTQL60S1r8z,Let Me Love You,Where Are You Now,0.15
0vbtURX4qv1l7besfwmnD8,1qp0ptMXNg9hqLH8sk7cc2,I Took A Pill In Ibiza - Seeb Remix,Sweet Lovin' - Radio Edit,0.04
0vbtURX4qv1l7besfwmnD8,5Gu0PDLN4YJeW75PpBSg9p,I Took A Pill In Ibiza - Seeb Remix,"Let Me Go (with Alesso, Florida Georgia Line & watt)",0.05
0vbtURX4qv1l7besfwmnD8,62aP9fBQKYKxi7PDXwcUAS,I Took A Pill In Ibiza - Seeb Remix,ily (i love you baby) (feat. Emilee),0.03
2CPqh63wRVscbceKcPxwvv,1nueTG77MzNkJTKQ0ZdGzT,The Ocean (feat. Shy Martin),Don't Wanna Know (feat. Kendrick Lamar),0.08
2CPqh63wRVscbceKcPxwvv,75NhhYjHO43mvZgYtnXgti,The Ocean (feat. Shy Martin),Lonely Together (feat. Rita Ora),0.11
2CPqh63wRVscbceKcPxwvv,62aP9fBQKYKxi7PDXwcUAS,The Ocean (feat. Shy Martin),ily (i love you baby) (feat. Emilee),0.08
1qp0ptMXNg9hqLH8sk7cc2,5Gu0PDLN4YJeW75PpBSg9p,Sweet Lovin' - Radio Edit,"Let Me Go (with Alesso, Florida Georgia Line & watt)",0.08
7qiZfU4dY1lWllzX7mPBI3,62aP9fBQKYKxi7PDXwcUAS,Shape of You,ily (i love you baby) (feat. Emilee),0.1
7qiZfU4dY1lWllzX7mPBI3,3uUuGVFu1V7jTQL60S1r8z,Shape of You,Where Are You Now,0.2
1nueTG77MzNkJTKQ0ZdGzT,75NhhYjHO43mvZgYtnXgti,Don't Wanna Know (feat. Kendrick Lamar),Lonely Together (feat. Rita Ora),0.13
1nueTG77MzNkJTKQ0ZdGzT,5WHTFyqSii0lmT9R21abT8,Don't Wanna Know (feat. Kendrick Lamar),Don't Call Me Up,0.15
1nueTG77MzNkJTKQ0ZdGzT,62aP9fBQKYKxi7PDXwcUAS,Don't Wanna Know (feat. Kendrick Lamar),ily (i love you baby) (feat. Emilee),0.07
5Gu0PDLN4YJeW75PpBSg9p,5WHTFyqSii0lmT9R21abT8,"Let Me Go (with Alesso, Florida Georgia Line & watt)",Don't Call Me Up,0.05
5Gu0PDLN4YJeW75PpBSg9p,3XoflnowYPFRPOh3uFvHcm,"Let Me Go (with Alesso, Florida Georgia Line & watt)",Selfish Love (with Selena Gomez),0.08
75NhhYjHO43mvZgYtnXgti,62aP9fBQKYKxi7PDXwcUAS,Lonely Together (feat. Rita Ora),ily (i love you baby) (feat. Emilee),0.09
62aP9fBQKYKxi7PDXwcUAS,3XoflnowYPFRPOh3uFvHcm,ily (i love you baby) (feat. Emilee),Selfish Love (with Selena Gomez),0.14
62aP9fBQKYKxi7PDXwcUAS,3uUuGVFu1V7jTQL60S1r8z,ily (i love you baby) (feat. Emilee),Where Are You Now,0.13
